title,category
[BERITA FOTO] Bumi Tak Pilih Kasih di Kuburan China,Megapolitan
Apa Alasan Pemprov DKI Jakarta Pilih PT Bahana sebagai Kontraktor Revitalisasi Monas?,Megapolitan
"Ma'ruf Amin Sebut Solusi Militer Tak Sepenuhnya Atasi Konflik, Malah Menyisakan Dendam",Regional
Harga Cabai di Tegal Meroket,Regional
"3 Peran Orangtua Didik Anak di Era ""Zaman Now""",Edukasi
BNPB Sebut Titik Terdampak Banjir di Bogor dan Lebak Sudah Dapat Bantuan Logistik,Nasional
"Ketahuan Edarkan Uang Palsu, Pria di Gowa Nyaris Diamuk Warga",Regional
"Hasto Diperiksa KPK, PDI-P Sebut untuk Klarifikasi Kesimpangsiuran",Nasional
Pelaku Pembunuhan Pelajar SMA yang Hilang 2 Bulan Diduga Berperilaku Seks Menyimpang,Regional
"Pembunuhan di Panti Jompo, Pelaku Sering Ingatkan Korban agar Tak Buang Air Besar Sembarangan",Regional
"OSO Tak Sepakat Usulan PDI-P soal Kenaikan ""Parliamentary Threshold""",Nasional
Satu Korban Kapal Tenggelam di Selat Malaka Ditemukan Tewas,Regional
"Resmi Jabat Ketum Hanura, OSO: Para Pencipta Riak-riak Politik Sudah Hengkang",Nasional
Malaysia Bantu Cari Korban Kapal TKI yang Tenggelam di Selat Malaka,Regional
"Menurut Mahfud MD, Jurnalis Mongabay asal AS Akan Segera Dideportasi",Nasional
Polisi Tangkap Pelaku yang Setubuhi Remaja dengan Iming-iming Main Sinetron,Megapolitan
Groundbreaking Bandara Kediri 16 April 2020,Regional
Jokowi Baru Tahu Alasan OSO Menolak Jabatan Wantimpres,Nasional
Sunda Empire Bakal Datangi Polisi Jelaskan Kegiatan di Aceh Utara,Regional
"Kapal yang Karam di Selat Malaka Bawa TKI Ilegal, 2 Pelaku Diamankan",Regional
"Kebijakan Kampus Merdeka, Kegiatan Belajar di Luar Kampus Diberikan Bobot SKS",Edukasi
Ma'ruf Amin: Saya Ditugaskan Presiden Galang Upaya Tangkal Radikalisme,Nasional
Cerita Jokowi saat Tak Diundang OSO di Munas Hanura,Nasional
Pengacara Sebut Penutupan PAUD Tempat Penitipan Balita Tanpa Kepala karena Tekanan Publik,Regional
Mahfud Sebut AS Dukung Papua Bagian dari NKRI,Nasional
Wapres: Kerukunan Umat Beragama jadi Kunci Pembangunan Nasional,Nasional
"Cegah Virus Corona, Kemenkes Perintahkan Seluruh Bandara Aktifkan SOP Ancaman PenyakitÂ ",Nasional
Istri yang Ketahuan Selingkuh Sempat Rawat Suami yang Dianiaya,Regional
Kemenkes Ingatkan Imunisasi Vaksin Pneumokokus Tak Cegah Virus Corona,Nasional
Kakek yang Bunuh Teman Sekamar di Panti Jompo Terancam 15 Tahun Penjara,Regional
Kasus Nenek yang Viral Ditendang di Pasar Berakhir Kekeluargaan,Regional
PAUD Tempat Penitipan Balita yang Tewas Tanpa Kepala di Samarinda Ditutup,Regional
TNI AL: Indonesia dan China Hanya Beda Pemahaman soal ZEE di Natuna,Nasional
"Kebijakan Kampus Merdeka, Perguruan Tinggi Bebas Buka Prodi Baru, Asal...",Edukasi
Artis Faye Nicole Diperiksa KPK Terkait Kasus Wawan,Nasional
Polisi Tangkap 3 Penyebar Malware JS Sniffer,Nasional
"Lalai, Pekerja Reklame Jatuhkan Tang hingga Menancap Kepala Bocah 6 Tahun",Regional
"Resmi Dikukuhkan, Ini Susunan Pengurus DPP Partai Hanura 2019-2024",Nasional
"Dampak Virus Corona, Kemenkes Minta Tak Panik ke Orang Baru Datang dari China",Nasional
Sekda DKI Sebut Pohon Dipindahkan agar Monas Langsung Terlihat dari Pintu Masuk,Megapolitan
Ketua DPP Partai Berkarya Sarankan Tommy Soeharto Nonaktifkan Priyo Budi Santoso,Nasional
Polda Banten Tutup 25 Tambang Emas yang Sebabkan Banjir Bandang,Regional
DPP Berkarya Persilakan KPK Periksa Priyo Budi Santoso Terkait Kasus Pengadaan Laboratorium Madrasah ,Nasional
Wapres Ma'ruf Amin: Ajaran Agama Sering Dimanipulasi untuk Kepentingan Duniawi,Regional
"Polisi Bongkar Bisnis Prostitusi Online di Kalsel, Tangkap 4 Wanita dan 2 Pria di Bawah Umur",Regional
Kenapa Ditjen Imigrasi Terlambat Deteksi Keberadaan Harun Masiku?,Nasional
Kejagung Telusuri Sekitar 800 Rekening Efek Para Tersangka Jiwasraya,Nasional
Bima Arya: Konflik GKI Yasmin Jadi Ujian Citra Toleransi Kota Bogor,Nasional
Penampakan Paus 15 Meter Terdampar di Hutan Magrove di NTT,Regional
Kadis SDA Sebut Video Genangan di Monas Sampai 30 Sentimeter Hoaks ,Megapolitan
"Soal Virus Corona, Wapres Ma'ruf Amin Tegaskan Pemerintah Sudah Antisipasi",Nasional
"Underpass Kemayoran Banjir 2,5 Meter, Pemprov DKI Sebut Itu Wewenang Kemensetneg",Megapolitan
BNPB Ingatkan Pejabat Daerah Pantau Curah Hujan Setiap Waktu,Nasional
"Indeks Demokrasi Indonesia Turun dalam Tiga Tahun Terakhir, Ini Respons Bawaslu",Nasional
"Lihat Temannya Terluka, 7 Pesilat Keroyok Pesilat Lainnya di Sukoharjo, 4 Orang Terluka",Regional
KPK Bantah Pernyataan Hasto yang Sebut Harun Masiku sebagai Korban,Nasional
Sutiyoso Pernah Tolak Program Menteri yang Ingin Bangun Situ di Monas,Megapolitan
Mengenal Sejarah di Museum Pustaka Peranakan Tionghoa,Megapolitan
Jokowi Hadiri Pengukuhan Pengurus DPP Hanura 2019-2024,Nasional
"Kisah Kakek 60 Tahun, Mahasiswa Tertua Universitas Muhammadiyah yang Lulus Ujian Skripsi",Regional
"Periksa 2 Komisioner KPU, KPK Dalami Mekanisme PAW",Nasional
Sinyal Dukungan Bima Arya untuk Calon Ketua Umum PAN,Nasional
"Tidak Hanya Hari Ini, Banjir di Monas Sudah Terjadi Berkali-kali",Megapolitan
"Ingin Fokus Urus Kota Bogor, Bima Arya Batal Maju Jadi Caketum PAN",Nasional
"8 Tahun Disiksa Ibu Kandung Tanpa Alasan, Remaja Ini Berkali-kali Berniat Bunuh Diri",Regional
"Akhir Januari, Proyek Percontohan Penanaman Vetiver di Sukajaya Mulai Berjalan",Nasional
"Sekda DKI: Pembangunan Monas Belum Pernah Selesai, Presiden Pertama Pun Belum Meresmikan",Megapolitan
"4 Kecamatan di Kabupaten Bandung Diterjang Banjir hingga 1,4 Meter",Regional
"Mengenal Ular Weling, Ular yang Tenang tapi Mematikan",Regional
"Kebijakan Kampus Merdeka, Mahasiswa S1 Bisa Ambil Mata Kuliah Lintas Prodi",Edukasi
Dirjen Imigrasi Sebut Yasonna Tak Merekayasa Keberadaan Harun Masiku,Nasional
"Pelajar SMA Hilang 2 Bulan lalu Ditemukan Tinggal Tengkorak, Nenek Korban: Belum Yakin, Mudah-mudahan Bukan Astrid",Regional
Pria Ini Cabuli 7 Anak Perempuan dengan Iming-iming Uang Rp 10.000,Regional
100 Personel Gabungan Jaga Wihara Dharma Bakti Saat Imlek,Megapolitan
BNPB Tunggu Usulan Dana Renovasi Rumah dari Bupati Lebak dan Bogor,Nasional
"Stadion Manahan Solo Siap Jadi Venue Piala Dunia U-20, tapi...",Regional
"Diusut Polisi, Akun Media Sosial Penghina Risma Sudah Tidak Aktif",Regional
Mantan Ketua KPU Mojokerto dan Mantan Pejabat PUPR Diperiksa KPK,Regional
BNPB Berikan Penghargaan untuk Pilot Militer dan Jurnalis,Nasional
"Lanjutkan Program Sejuta Rumah, Jokowi Naikkan Kuota FLPP",Nasional
"Diperiksa KPK, Komisioner KPU Hasyim Asy'ari Ditanya Proses Pemilu hingga Mekanisme PAW",Nasional
"Paus Fransiskus Ingin ke Indonesia, Jokowi Kirim Undangan Resmi",Nasional
Alasan Pemkot Surabaya Laporkan Akun Media Sosial Diduga Hina Risma,Regional
Kasus Pengaturan Skor Persikasi Vs Perses Sumedang Segera Disidangkan,Megapolitan
"Terkait Virus Corona, Wakil Ketua MPR Minta Pemerintah Berlakukan Travel Warning ke Wuhan",Nasional
Kejari Jember Tetapkan Kontraktor Pasar Manggisan Jadi Tersangka,Regional
"BNPB: 17.556 Pengungsi di Kabupaten Bogor, 1.776 Pengungsi di Lebak",Nasional
Polisi Limpahkan Berkas Perkara 2 Tersangka Penyerang Novel ke Kejati DKI,Nasional
"Sebelum Dipindahkan, Pohon yang Ditebang di Monas Disehatkan di Kebun Bibit",Megapolitan
Polisi Duga Pelaku Masturbasi Depan Bocah di Cikarang Timur Eksibisionis,Megapolitan
"Curah Hujan Tinggi, Dinas Pendidikan Jakarta Beri 10 Imbauan untuk Sekolah",Edukasi
TNI AL: Sejak 2016 hingga Akhir 2019 Tak Ada Kapal Nelayan China di Natuna,Nasional
3 Rumah Sakit di Jatim Ini Ditunjuk Tangani Pasien Terjangkit Virus Corona,Regional
"Malu, Alasan Paman dan Keponakan Buang Bayi Hasil Hubungan Gelap",Regional
Kemenkumham Bentuk Tim Gabungan Pencarian Harun Masiku ,Nasional
Kisi-kisi UN 2020 SMA Jurusan IPS: Mapel Ekonomi,Edukasi
Seluruh Gardu Listrik PLN Jakarta yang Padam akibat Banjir Sudah Menyala,Megapolitan
"Ditangkap Polisi, 2 Mucikari Ini Diceramahi Ketua MUI Gresik",Regional
Mayat Laki-laki Bertato Ditemukan Mengapung Dekat Dermaga Pusdik Polair,Megapolitan
Dirjen Imigrasi Bantah Tutupi Keberadaan Harun Masiku ,Nasional
Polisi Tangkap Pria yang Masturbasi di Depan Bocah di Cikarang Timur Bekasi,Megapolitan
"Puluhan Warga Datangi Polrestabes Surabaya, Minta Usut Akun Medsos Diduga Hina Risma",Regional
Polri Bentuk Tim Buru Harun Masiku,Nasional
"Kain Sasirangan, Oleh-oleh yang Bisa Dibawa Pulang dari Banjarmasin",Regional
"Khofifah: Virus Corona Belum Terdeteksi di Jatim, tapi Kami Tetap Waspada",Regional
Kejagung Bentuk Tim Buru Aset Para Tersangka Kasus Jiwasraya,Nasional
"Hujan sejak Pagi, 73 Titik di Jakarta Masih Terendam Jumat Sore",Megapolitan
"Raja dan Ratu Keraton Agung Sejagat Dibela 12 Pengacara, Salah Satunya dari Laskar Merah Putih",Regional
Polisi: Pemkot Surabaya Laporkan Akun Media Sosial Diduga Hina Risma,Regional
Camat Minta Pedagang Pindah dari Kios Pulogadung yang Ambles akibat Longsor,Megapolitan
Presiden Jokowi Ajak Masyarakat Sukseskan Sensus Penduduk 2020,Nasional
"Ganjar: Tak Hanya Jawa, Kenduri Juga ada di Komunitas Tionghoa",Regional
"606 Babi di Bali Mati Dalam Sebulan, Pemerintah Tunggu Uji Lab",Regional
Selama 8 Tahun Seorang Ibu di Samarinda Aniaya 3 Anaknya dengan Balok dan Piring Tanpa Alasan,Regional
Imbauan Dinkes Depok: Jangan Berkunjung ke Negara yang Terkena Wabah Corona,Megapolitan
Kejagung Sita Kendaraan Mewah hingga 40 Kotak Perhiasan dari Rumah Harry Prasetyo,Nasional
Nelayan Pantura Bisa Melaut di Natuna Mulai Akhir Januari,Nasional
"Berkat Burung Hantu, Panen Padi di Desa Pasirmulya Karawang Melimpah",Regional
Pengembang Perumahan Tertipu Rp 25 Juta oleh Penelepon yang Catut Satpol PP,Regional
420 Mahasiswa Indonesia yang Kuliah di Wuhan Berstatus Negatif Virus Corona,Nasional
"Mulai Sabtu, Harga Tiket Pesawat Melalui Bandara Ahmad Yani Semarang Naik",Regional
"Tenaga Honorer Dihapus, Pegawai Honorer Tangsel Minta Pemerintah Cari Solusi",Megapolitan
Najwa Shihab: Pustakawan Seharusnya Diisi Anak Muda,Edukasi
Turap yang Longsor di Pulo Gadung untuk Sementara Ditahan dengan Kantong Tanah,Megapolitan
"Bukan 190, Sekda DKI Sebut Hanya 85 Pohon yang Dipindahkan untuk Revitalisasi Monas",Megapolitan
Depok Akan Tambah Satu Lagi RSUD ,Megapolitan
"Komisi IX Koordinasi dengan Menkes soal Virus Corona, Minta Masyarakat Tak Panik",Nasional
"Kembali Jadi Duta Baca Indonesia, Ini Tugas Penting Najwa Shihab",Edukasi
Gerindra Minta Rencana Pencabutan Subsidi Elpiji 3 Kg Dibatalkan,Nasional
Menengok Gereja Santa Maria de Fatima di Petak Sembilan yang Menyerupai Kelenteng,Megapolitan
Polisi Periksa Kejiwaan Kakek di Panti Jompo yang Bunuh Teman Sekamarnya karena Sering Buang Air Besar,Regional
"Sadap Kebun Karet Milik Orang Lain Selama 1,5 Bulan, Suami Istri Ditangkap",Regional
"Cekcok Masalah Ongkos, Pelaku Tusuk Sopir Taksi Online di Subang",Nasional
"Fenomena Kerajaan Fiktif, antara Motif Uang dan Masyarakat yang Tak Rasional",Nasional
PLN Padamkan 146 Gardu Terdampak Banjir di Wilayah Banten,Megapolitan
"Sensus Penduduk 2020, Jokowi Ingatkan Data Lebih Berharga dari Minyak",Nasional
"Sering Buang Air Besar Sembarangan, Alasan Kakek 75 Tahun Bunuh Teman Sekamarnya di Panti Jompo",Regional
Roy Suryo Laporkan Petinggi Sunda Empire ke Polisi,Megapolitan
"Kasus Pembunuhan Guru SMP di Jombang Terungkap, Ini Motifnya",Regional
Tinggi Genangan Air Capai 40 Sentimeter di Depan RS Mitra Keluarga Kelapa Gading ,Megapolitan
"Jelajah Cikal Bakal Angkringan di Desa Ngerangan, Klaten",Regional
Hasto Minta Harun Masiku Kooperatif dan Tak Takut Hadapi Kasus di KPK,Nasional
390 Personel Gabungan Amankan Wihara Saat Perayaan Imlek di Tangsel,Megapolitan
"Rawat Pasien Virus Corona, China Bangun Rumah Sakit dalam 10 Hari",Internasional
"Wihara Bahtera Bakti di Ancol Tergenang Jelang Imlek, Pengurus Sibuk Kuras Air",Megapolitan
Jokowi Akan Paksa PNS Pusat untuk Pindah ke Ibu Kota Baru,Nasional
"7 Tahun Dibohongi, Istri Pilih Cerai dengan Anggota TNI Gadungan",Regional
Kemenkes Pastikan Belum Ada Pasien Positif Virus Corona di Indonesia,Nasional
"Kisah Martinus, Korban Selamat dari Gigitan Ular Keramek yang Mematikan",Regional
"Mendikbud Nadiem Luncurkan 4 Kebijakan Kampus Merdeka, Ini Penjelasannya",Edukasi
Jokowi Diminta Evaluasi Menkumham Yasonna Laoly,Nasional
"Bukan Gong Xi Fa Cai, Begini Ucapan Tahun Baru Imlek Tempo Dulu",Megapolitan
"Ambles Akibat Longsor, Warung Makanan Pinggir Kali di Pulo Gadung Dirubuhkan",Megapolitan
"Heboh Kerajaan Kandang Wesi di Garut, Nurseno: Saya Hanya Mengajarkan Bela Diri",Regional
"Rambut 2 Meter yang Jadi Sarang Tikus Dipotong, Sukiyah Mulai Komunikasi",Regional
"Warga Sebut Banjir Jelang Imlek Ganggu Ibadah, Ada Juga yang Bilang Tanda Hoki",Megapolitan
Komnas HAM Minta Penyelesaian Kasus Tragedi Semanggi Tak Lagi Diributkan,Nasional
Masyarakat China dan Sumbangsih pada Bahasa di Indonesia,Megapolitan
"Ada 78 Titik Genangan di Jakarta, Salah Satunya Sedalam 2,5 Meter akibat Hujan Awet",Megapolitan
Mahfud MD: Tak Ada Tenggat Waktu Penyelesaian Tragedi Semanggi I dan II,Nasional
"Cantiknya Underpass Bandar Udara YIA, Bertabur Gambar Kesenian Angguk dan Penari Jatilan",Regional
Cara PDI-P Tangani Kasus Harun Bisa Berdampak Buruk di Pilkada 2020,Nasional
Hasto Ungkap Alasan PDI-P Ajukan Harun Masiku Sebagai Pengganti Nazarudin Kiemas,Nasional
Presiden Jokowi Jamin Ibu Kota Baru Bebas Banjir dan Macet,Nasional
"Habiskan Dana Desa untuk Foya-foya dan Bayar Utang, Mantan Kades di Sumsel Ditangkap",Regional
"Kasus Pembunuhan Guru SMP di Jombang, Pelaku Bawa Pisau dari Rumah",Regional
"Jakarta Hujan Sejak Pagi, Jalan Gading Kirana Tergenang 20 Sentimeter",Megapolitan
Polisi Kembali Tangkap Satu Tersangka Prostitusi Anak di Rawa Bebek,Megapolitan
"Bertemu Pimpinan MPR, Dubes Xiao Qian Ungkap Penyebab Nelayan China Melaut di Natuna ",Nasional
"""Geng Donki"" Pelaku Begal di Bali Ditangkap Polisi, Isinya Anak-anak Sekolah",Regional
"Netizen Dibuat Ngakak Ban Depan Motor Diganti Donat, Ini Kisahnya",Regional
"Jika Diharuskan, Pemprov DKI Siap Hentikan Sementara Revitalisasi Monas",Megapolitan
"Hasto Dicecar 24 Pertanyaan oleh Penyidik KPK, Termasuk Soal Harun Masiku",Nasional
Presiden Jokowi Perintahkan Kemenkes Antisipasi Masuknya Virus Corona,Nasional
Kronologi Pelajar SMA Hilang 2 Bulan lalu Ditemukan Tinggal Tengkorak,Regional
"Hujan Tak Kunjung Reda, Transjakarta Alihkan 3 Rute",Megapolitan
"Tiga Turis Asing Diduga Terjangkit Virus Corona, RSUP Sanglah Kirim Hasil Pemeriksaan ke Jakarta",Regional
Yuliana Bertaruh Nyawa Terobos Banjir Tinggi demi Tetap Mengajar,Regional
RUU KKR dan Upaya Ampuh Pemerintah Menuntaskan Pelanggaran HAM Berat,Nasional
Tiga Ruko di Pulo Gadung Ambles akibat Longsor,Megapolitan
"Pidato dalam Pertemuan Parpol Dunia, Ini yang Disampaikan Wapres Ma'ruf Amin ",Regional
"Lubang Peluru di Tubuh Wawan, Aktivis Tim Relawan untuk Kemanusiaan",Nasional
Proyek Revitalisasi Monas Tetap Berjalan meski Belum Berizin,Megapolitan
"Waspadai Virus Corona, 10 Rumah Sakit di Jateng Siapkan Ruang Isolasi",Regional
Kapolri Bentuk Satgas Pengamanan Imlek,Nasional
"Tanggapi Virus Corona, PM Singapura Minta Warga Tenang namun Waspada",Internasional
Kisah Relawan Potong Rambut Gimbal 2 Meter dan Jadi Sarang Hewan: Saya Merinding,Regional
"Saat Imlek, 250 Polisi Dikerahkan ke Kelenteng dan Wihara di Bekasi",Megapolitan
Guru SMP yang Tewas di Rumahnya Dibunuh oleh Pasutri Tetangga Desa,Regional
"Miliki Pen Gun secara Ilegal, Pedagang di Maros Ditangkap Polisi",Regional
Pemprov DKI Akan Ajukan Izin Revitalisasi Monas Sore Ini,Megapolitan
"Tangani Kasus Virus Corona, RSUP Adam Malik Siapkan 11 Ruang Isolasi",Regional
"Pelaku Curanmor di Parkiran Kampus Residivis, Sudah 6 Kali Curi Motor Setelah Setahun Bebas",Megapolitan
Polisi Telah Memintai Keterangan Ilham Bintang atas Kasus Pembobolan Rekening,Megapolitan
4 Warga NTT Meninggal Terkena DBD,Regional
"Butuh Uang Setelah Gagal Jadi Caleg, Akiun Gasak Sarang Walet",Regional
PLN Matikan 15 Gardu Listrik di Wilayah Terendam Banjir,Megapolitan
RSUD Kota Bekasi Siapkan Masker buat Para Pegawai untuk Antisipasi Virus Corona,Megapolitan
"Berkaca pada Yasonna, Jokowi Minta Menteri Hati-hati Beri Statement",Nasional
"Wabah Virus Corona di China: 26 Orang Meninggal, 9 Kota Kena Larangan Bepergian",Internasional
"Antisipasi Pengidap Virus Corona, RSUD Kota Bekasi Pertimbangkan Rujuk Pasien ke RS Khusus Infeksi",Megapolitan
"Hujan di Jakarta, Halaman Wihara Dharma Bhakti Petak Sembilan Tergenang Air",Megapolitan
"Pelaku Skimming BNI yang Bobol Lebih dari Rp 500 Juta: Diduga Beraksi dari Lokasi Berbeda, Gunakan Kartu Kloning    ",Regional
"""Car Free Month"" di Gunung Bromo, Hanya Boleh Jalan Kaki atau Berkuda",Regional
"Bengkel di Sumedang Tersambar Petir, 5 Sepeda Motor Hangus Terbakar",Regional
Mahfud: Belum Ada Putusan Tragedi Semanggi Pelanggaran HAM Berat atau Bukan,Nasional
Genangan Air 30 Sentimeter di Kawasan Monas Telah Surut,Megapolitan
"Heboh Keraton Agung Sejagat, Kini Viral Kerajaan Kandang Wesi di Garut",Regional
"Diperiksa, Saksi Kunci Kasus Investasi MeMiles Tahu Seluk-beluk Aliran Dana",Regional
PP Muhammadiyah Keluarkan Fatwa Haram Vape,Regional
"Isap Sabu, Oknum Perangkat Desa Ini Berdalih untuk Meningkatkan Stamina",Regional
"Heboh Virus Conora, Penerbangan dari Bandara Soetta ke China Tetap Dibuka",Megapolitan
"Tiga Pasien Diduga Terinfeksi Virus Corona Dirawat di Bali, 2 Anak-anak",Regional
"Kebakaran Besar di Sibolga, 30 Keluarga Kehilangan Rumah",Regional
"Video Kecelakaan dengan Kepala Korban Putus Beredar, Ini Penjelasan Polisi",Regional
Begini Modus Dua Pencuri Motor yang Beraksi di Tempat Parkir Kampus,Megapolitan
"Kemenristek Umumkan CPNS Lulus ke SKD, Unduh Daftarnya di Sini ",Edukasi
"Antisipasi Virus Corona, Pemprov DKI Imbau Warga Lakukan Ini",Megapolitan
Meneladani Semangat Bocah Obesitas Arya Permana untuk Pulih...,Regional
Siswa SMP di Solo Dikeluarkan dari Sekolah karena Ketahuan Isap Vape,Regional
"Antisipasi Virus Corona, RSUD Kota Bekasi Siapkan Ruang Isolasi",Megapolitan
Dubes China Sebut Tak Ada Persoalan dengan Indonesia Terkait Teritorial Natuna,Nasional
"Sedang Bersihkan Saluran Air, PPSU Tanah Sereal Temukan Biawak Sepanjang 1,5 Meter",Megapolitan
"Terkait Kasus Wahyu Setiawan, KPK Diingatkan Bekerja Profesional di Hadapan Publik",Nasional
"Antisipasi Virus Corona, RSHS Bandung Siapkan 5 Ruang Isolasi Khusus",Regional
"Hati-hati Tersetrum Listrik Saat Banjir, Ini Cara Menghindarinya",Megapolitan
Sunda Empire Kembangkan Sayap hingga Aceh? Ini Kata Kesbangpol Aceh Utara,Regional
"Hujan ""Awet"" di Jakarta, Kawasan Monas Sempat Tergenang Air Setinggi 30 Sentimeter",Megapolitan
"Jarak Rumah Hanya 2 Meter, Orangtua Mengaku 8 Bulan Tak Bertemu Anaknya yang Gantung Diri",Megapolitan
Komnas HAM Siap Temui Jaksa Agung Bahas Tragedi Semanggi I dan II,Nasional
"Paman dan Keponakan Selingkuh, Bayinya Dibuang di Bawah Jembatan",Regional
Jenderal Polisi Gadungan yang Tipu Korban Rp 310 Juta Diduga Kelainan Jiwa,Regional
"Banjir di Sejumlah Wilayah Jakut, Wakil Wali Kota: Belum Ada Warga yang Mengungsi",Megapolitan
Pria di Bekasi Gantung Diri dengan Tali di Kandang Kambing,Megapolitan
Alasan Remaja Putri di Makassar Bohong soal Dibius dan Disekap Pria Bertopeng,Regional
"Tambah 1 Lagi Tewas, Korban Miras Oplosan Maut di Tasikmalaya Jadi 8 Orang",Regional
"Antisipasi Virus Corona, Semua Bandara di Kaltim Dipasang Thermoscanner",Regional
"Sempat Buron 2 Bulan, Pelaku Bentrokan di Universitas HKBP Nommensen Ditangkap",Regional
Polisi Tangkap Dua Pencuri Motor yang Beraksi di Parkiran Kampus,Megapolitan
"Diperiksa KPK, Hasyim Asy'ari Ditanya soal Tugasnya sebagai Komisioner KPU",Nasional
Monyet Ekor Panjang Gunung Ciremai Ditangkapi karena Overpopulasi dan Kurang Pakan,Regional
"Cerita Mahasiswa Indonesia di Wuhan, Kota Virus Corona Mulai Menyebar",Internasional
"Hujan Deras Guyur Jakarta, Lalin Tersendat Akibat Sejumlah Ruas Jalan Banjir",Megapolitan
"Baru Punya Waktu Sejak Dilantik, Kapolri Bertemu Kompolnas",Nasional
"Menyusuri Petak Sembilan, Surganya Pasar Kuliner hingga Obat Herbal",Megapolitan
Sikap PDI-P Dinilai Belum Jelas soal Posisi Harun Masiku di Partai,Nasional
"Jumat Kelam Tragedi Semanggi 1998, Perjalanan Mencekam Bertemu Wawan...",Nasional
"Virus Corona Jangkit Kota Wuhan, Pemerintah China Batasi Akses Warga",Nasional
"Hujan Deras, Ini Titik Genangan di Sejumlah Jalan Jakarta",Megapolitan
Karyawan Minta BPK Turun Tangan Mengaudit Dewas TVRI,Nasional
Pasien yang Diduga Terinfeksi Virus Corona Dirawat di Ruang Isolasi RSPI,Megapolitan
"Fakta Komik Vulgar Bertulis 'Jangan Sampai Hamil, Ya': Beredar di SD hingga Buku Akan Dibakar",Regional
"Dibohongi Suami Selama 7 Tahun Pernikahan, Ini Kata Istri TNI Gadungan di Pekalongan",Regional
"Banjir di Jalan DI Panjaitan, Sejumlah Motor Mogok",Megapolitan
"Dulu Tinggal di Toilet Sekolah, Guru Honorer di Pandeglang Kembali ke Rumah dan Buka Usaha",Regional
"Gejala Virus Corona Sangat Umum, Warga Diminta Waspada",Megapolitan
Kantor Wali Kota Jakarta Utara Kebanjiran,Megapolitan
"Dugaan Penyiksaan Lutfi, Kapolri: Kalau Tidak Benar Bisa Jadi Bumerang",Nasional
Karyawan TVRI: Apa Kesalahan Helmy Yahya yang Mendasar sehingga Dipecat?,Nasional
"Banjir Mulai Genangi Pademangan, Warga Stok Mi Instan hingga Air Bersih",Megapolitan
Jalan DI Panjaitan Macet gara-gara Genangan Air Hujan,Megapolitan
Manajer Pemakzulan: Trump Menyalahgunakan Kekuasaan secara Berbahaya,Internasional
PDI-P Dinilai Pasang Badan soal Harun Masiku,Nasional
"Virus Corona Mewabah, Dubes China Pastikan Situasi Belum Darurat Global",Nasional
Serangan Netizen ke Akun Medsos Pelaku Penodongan di Warteg Mempersulit Kerja Polisi,Megapolitan
Kapolri Bentuk Tim Usut Dugaan Penyiksaan Oknum Polisi terhadap Lutfi,Nasional
"Daftar 100 Sekolah Jakarta Barat Terakreditasi A dari SMP, SMA/SMK",Edukasi
"Berkas Penyidikan Rampung, Imam Nahrawi Segera Disidang",Nasional
Butuh 3 Hari untuk Pastikan Pasien yang Dirawat di RSPI Terinfeksi Virus Corona,Megapolitan
MAPID Sajikan Peta Wilayah Rawan Banjir di Jakarta,Megapolitan
"Mengaku Bisa Luluskan ke Akpol, Jenderal Gadungan Ini Ternyata Ingin Jadi Polisi ",Regional
Persiapan Venue PON 2020 di Papua Ditargetkan Rampung Juni,Nasional
"Gaya Hidup ""Zero Waste"" Bebas Sampah, Ibarat Instal Aplikasi di Ponsel Jadul",Regional
"Malam Tahun Baru Imlek di Solo, Kawasan Pasar Gede Ditutup Mulai Pukul 18.00 WIB",Regional
"Pelajar Bunuh Begal Divonis Bersalah, Humas PN Kepanjen: Itu Pertimbangan Hakim",Regional
Mengintip Biaya Kuliah Kedokteran di 5 Universitas Negeri Tanah Air,Edukasi
"Antisipasi Virus Corona, Angkasa Pura II Bagikan Masker Gratis untuk Petugas Bandara Soetta",Megapolitan
"Ketua KPU: Problemnya, MK Putuskan Eks Napi Korupsi Boleh Ikut Pilkada",Nasional
Kronologi Pasien Diduga Terinfeksi Virus Corona hingga Dirawat di RSPI Sulianti Saroso,Megapolitan
"Cegah Virus Corona, Angkasa Pura II Perketat Pengawasan 2 Bandara Ini",Megapolitan
"Remaja Putri Mengaku Dibius 6 Pria dan Disekap 3 Hari, Ini yang Sesungguhnya Terjadi",Regional
"Wabah Corona Menyerang, Lion Grup Tutup Sementara Penerbangan ke Wuhan",Megapolitan
"Selain Hasto, KPK Akan Periksa 3 Staf PDI-P",Nasional
"Turun 109 Kg, Arya Permana Kini Senang Main Basket, Sepak Bola hingga Renang",Regional
Pelaku Usaha Ritel di Cianjur Dilarang Gunakan Kantong Plastik,Regional
Kompolnas Dorong Propam Telusuri Oknum Polisi Penganiaya Lutfi,Nasional
Pemprov DKI Jakarta Beri Bantuan Peralatan Sekolah hingga Obat-obatan untuk Korban Banjir,Megapolitan
"Hujan Deras, Jalan Medan Merdeka Barat Tergenang ",Megapolitan
17 Titik di Jakarta Dilanda Banjir Siang Ini,Megapolitan
"Jari Kaki Wanita Digigit Tikus di Bioskop, Summarecon Mall Serpong Buat Program Berantas Hama",Megapolitan
BMKG: Jakarta dan Jawa Barat Siaga Banjir Hari Ini dan Sabtu Besok,Megapolitan
"Sejarah Kelenteng Kwan Tie Miau Pangkal Pinang, Kelenteng Legendaris yang Jadi Pusat Atraksi Barongsai Imlek",Regional
Cerita di Balik Kesuksesan Arya Si Bocah Obesitas Turun Berat Badan hingga 83 Kg,Regional
"Buru Aset Tersangka Jiwasraya di Luar Negeri, Kejagung Gandeng PPATK",Nasional
"Mengenal Wihara Pan Kho Bio, Kelenteng Tertua di Bogor yang Pernah Jadi Tempat Istirahat Prabu Siliwangi",Megapolitan
"Sambut Imlek, Ada Naga di Tengah Satwa Bandung Zoo",Regional
Diamnya Gubernur Anies Ketika Revitalisasi Monas Dikritik,Megapolitan
"Antisipasi Virus Corona Masuk ke Indonesia, Ini yang Dilakukan Kemenkes",Nasional
"Rusak Citra Polri, Dugaan Penganiayaan Lutfi Harus Diusut Tuntas",Nasional
"Menantu Jokowi Daftar di DPW Sumut, Nasdem Pertimbangkan Jaga Hubungan Baik",Nasional
Jenderal Polisi Gadungan yang Mengaku Bisa Luluskan ke Akpol Sudah 3 Kali Dibui,Regional
Lowongan Kerja Lulusan D3 Sekretaris di BUMN Bidang Konstruksi,Edukasi
Berapa Kisaran Biaya Kuliah Kedokteran di 5 Universitas Swasta?,Edukasi
"Korban Skimming BNI Bertambah, Pelakunya Diduga dari Luar Sultra",Regional
"Duduk Perkara Pelajar Bunuh Begal di Malang, Divonis Pembinaan 1 Tahun di Pesantren",Regional
Helikopter Super Puma Dikerahkan Cari TKI Korban Kapal Tenggelam di Bengkalis,Nasional
"Kemenkes Siaga Satu Virus Corona, Terawan Minta Masyarakat Tetap Tenang",Nasional
"Kades Margamekar: Rizki, Bocah yang Disiksa Orangtua hingga Koma, Diberi Bantuan Rumah",Regional
Sekjen PDI-P Hasto Kristiyanto Diperiksa KPK,Nasional
"Virus Corona Merebak, KBRI Bentuk Satuan Tugas untuk Cek WNI di China ",Nasional
OSO Tunjuk Gede Pasek Suardika Jadi Sekjen Partai Hanura,Nasional
"68 Pekerja Indonesia Dideportasi dari Malaysia, Ada yang Kabur dari Majikan karena Gaji Tak Dibayar",Regional
"Omnibus Law, Perlukah UMKM Deg-degan?",Nasional
"Rumah Tersambar Petir hingga Jebol, Pemilik Selamat karena TV Dimatikan",Regional
"Yasonna dan Kasus Harun Masiku: Dilaporkan ke KPK, Dianggap Bohong, hingga Desakan Pemecatan",Nasional
"Sering Mengomel Saat Jam Tidur, Kakek di Panti Jompo Dibunuh Teman Sekamarnya",Regional
"Jika Terpapar Virus Corona di Wuhan, WNI Akan Ditangani Pemerintah Setempat ",Nasional
Kemenkes Belum Dapat Laporan soal Dugaan Warga Jakarta Terjangkit Virus Corona,Nasional
Kemenlu: Belum Ada WNI di China yang Terpapar Virus Corona ,Nasional
Korban Tewas Miras Oplosan Maut di Tasikmalaya Bertambah Jadi 7 Orang,Regional
"Komik Vulgar Bergambar Ciuman Beredar di Siswa SD, Ini Kata Dinas Pendidikan",Regional
Ketua KPU Harap Anggaran Pilkada 2020 Dicairkan Tepat Waktu,Nasional
"Pasang Iklan Lowongan Kerja TKI di Facebook, 2 WN Malaysia Diamankan",Regional
Saat Legalitas Revitalisasi Monas Dipertanyakan...,Megapolitan
"PKS Kritik Prabowo, Jokowi Membela...",Nasional
"Setelah 36 Tahun, Akhirnya Lokomotif Pertama Tiba di Stasiun Garut...",Regional
Pemda yang Tak Segera Cairkan Anggaran Pilkada Terancam Sanksi ,Nasional
"Beasiswa Penuh 2020 SMA Binaan TNI AU, Tertarik?",Edukasi
Seorang Pasien RSPI Sulianti Saroso Diduga Terinfeksi Virus Corona,Megapolitan
Ini Keunggulan PT Bahana Prima Nusantara sehingga Menangkan Tender Proyek Revitalisasi Monas,Megapolitan
"Punya 15 Anak dan Tinggal di Rumah 5x7 Meter, Sang Ayah: Tidurnya Ada yang di Halaman",Regional
"Kasus Miras Oplosan Maut di Tasikmalaya, Salah Satu Korban Akan Menikah Bulan Februari",Regional
Cerita Mulyono yang Bangkit dari Keterpurukan Setelah Diamputasi ,Regional
"Anggota TNI Gadungan, Tipu Istri hingga 7 Tahun Pernikahan dan Dibebaskan karena Tak Ada Laporan",Regional
4 Fakta Warga AS Ditangkap karena Menyelundupkan Brownies Ganja,Megapolitan
Tiga Negara Asia Tenggara Umumkan Kasus Positif Virus Corona,Internasional
4 Hal Ini Bikin Polisi Sulit Identifikasi Kerangka Terduduk di Rumah Kosong Bandung,Regional
"PKPU Pilkada Belum Selesai, Ketua KPU Sebut Bukan Imbas Wahyu Jadi Tersangka",Nasional
Tuduhan PSI dan Perlawanan Kontraktor Proyek Revitalisasi Monas,Megapolitan
"Sedang Mabuk, Pria di Kalteng Bunuh Ibu Kandungnya dan Bakar Rumah",Regional
"Gang Royal, Lokalisasi Setengah Abad yang Jual Anak di Bawah Umur",Megapolitan
"Bukan Asli Betawi, ""Lu"", ""Gue"", dan ""Cincong"" Ternyata Terpengaruh Kultur Tionghoa",Megapolitan
"Derita Sukiyah, Berteman Gelap hingga Rambut Jadi Sarang Tikus",Regional
"Dugaan Penyiksaan Lutfi, Kompolnas Akan Minta Klarifikasi Polda Metro Jaya",Nasional
[KLARIFIKASI] Spanduk Tolak Mandikan Jenazah Pendukung Pembangunan Gereja di Serpong,Megapolitan
"Ucapan Terima Kasih Nining, Guru Honorer Tinggal di WC Sekolah, ke Pembaca Kompas.com",Regional
"Helmy Yahya Dipecat, Tunjangan Kinerja Karyawan TVRI Tertunda ",Nasional
Korban Meninggal Virus Corona di China Capai 25 Orang,Internasional
"Ramai Didatangi Turis China, Bandara Sam Ratulangi Serius Antisipasi Virus Corona",Regional
Perjalanan Agung Wicaksono Pimpin Transjakarta hingga Mengundurkan Diri,Megapolitan
"Jelang Imlek, Hargai Cabai di Cianjur Tembus Rp 100.000 Per Kg",Regional
Spanduk Bernada Ujaran Kebencian yang Berujung Jeruji Besi Bagi Ketua Goib Jaktim,Megapolitan
"Bocah Obesitas Arya Permana Turunkan Bobot 109 Kg, Ade Rai: Agar Jadi Pelajaran",Regional
Perpanjang SIM di Batang Bisa Drive-Thru,Regional
[POPULER NASIONAL] Jokowi Bela Prabowo soal Kunker Luar Negeri | Alasan Erick Thohir Pilih Yenny Wahid dan Triawan Munaf,Nasional
"Kasus Ayah Perkosa Anak Tiri hingga 18 Kali, Polisi: Anak Perempuan Harus Tidur Terpisah",Regional
"Dugaan Penyiksaan terhadap Lutfi, Anggota Komisi III Minta Hakim Menggalinya Saat Sidang",Nasional
[POPULER JABODETABEK] Izin Revitalisasi Monas Dipersoalkan | Pembantaian Etnis Tionghoa di Kali Angke,Megapolitan
[POPULER INTERNASIONAL] Singapura Umumkan Kasus Virus Corona | Trump Dianggap Menipu demi Pilpres AS 2020,Internasional
"Duduk Perkara Penipuan Investasi Arisan Online, Modus Pakai Sistem Duet di Facebook",Regional
Mendagri Minta KPU Jaga Kerahasiaan Data Pemilih,Nasional
"Sherly, Siswa SD asal Papua, Tak Bisa Ikuti Ujian Nasional karena Masalah Administrasi",Regional
"Kiprah Yap Thiam Hien, Advokat yang ""100 Persen""...",Nasional
"Sosok Nina Azzahra, Siswa SMP yang Berani Kirim Surat Protes ke PM Australia dan Kanselir Jerman",Regional
"Bandar Judi Culik Siswi SMA, Jadi Buron dan Ditembak Polisi",Regional
[POPULER NUSANTARA] Bocah 11 Tahun Tewas Digigit Ular Weling | Hilang 2 Bulan Pelajar SMA Ditemukan Tinggal Tengkorak,Regional
"Menengok Dhanagun, Wihara Berusia 3 Abad di Bogor",Megapolitan
Penyelesaian Pelanggaran HAM Aceh Didorong Lewat Keadilan Transisional,Nasional
Kisah Bupati Pelalawan Gendong Jenazah Anaknya karena Tak Ada Biaya Sewa Ambulans,Regional
5 Fakta Pencurian Kotak Amal Masjid di Bekasi Utara,Megapolitan
4 Kasus TNI Gadungan: Motif Tiduri 16 Perempuan hingga Gasak 17 Motor,Regional
"Mengenal Komisi Pengarah, Pemberi Izin untuk Revitalisasi Monas",Nasional
5 Fakta Pelajar SMA Hilang 2 Bulan lalu Ditemukan Tinggal Tengkorak,Regional
"Jumat, Jakarta Diprakirakan Hujan dari Pagi sampai Malam",Megapolitan
Indeks Demokrasi Indonesia yang Kalah dari Timor Leste dan Malaysia...,Nasional
"Proyek Revitalisasi Monas Molor, Kontraktor: Faktor Cuaca",Megapolitan
